[
  {
    "firstName": "علی",
    "lastName": "احمدی",
    "fatherName": "کریم",
    "caseNumber": "123456",
    "idNumber": "A00112233",
    "links": {
      "result": "https://drive.google.com/uc?export=download&id=FILE_ID_USER1",
      "passport": "https://youruploadlink.com/user1",
      "coLetter": "#",
      "meeting": "#"
    }
  },
  {
    "firstName": "فاطمه",
    "lastName": "حسینی",
    "fatherName": "جعفر",
    "caseNumber": "654321",
    "idNumber": "B00998877",
    "links": {
      "result": "https://drive.google.com/uc?export=download&id=FILE_ID_USER2",
      "passport": "https://youruploadlink.com/user2",
      "coLetter": "#",
      "meeting": "#"
    }
  }
]